epoch,accuracy,loss,val_accuracy,val_loss
0,0.7118666768074036,1.067317008972168,0.805400013923645,0.7090135812759399
1,0.8200666904449463,0.6521212458610535,0.8259999752044678,0.6106246113777161
